split,folds,bacc_16,f1_16,auc_roc_16,bacc_32,f1_32,auc_roc_32,bacc_128,f1_128,auc_roc_128,bacc_aggregated,f1_aggregated,auc_roc_aggregated
validation,0,0.6536342565346902,0.9163986026458756,0.7620949487998987,0.6376970366413457,0.914795731037793,0.7527671142337188,0.6245722007442349,0.9080430590554629,0.7670180354733859,0.6480932376028755,0.9100204924099969,0.7603554581752663
validation,1,0.5695431370187483,0.9378277273612373,0.7982645719307166,0.6168954996186118,0.9268666322888831,0.7996016611577252,0.563618237049527,0.9312940358605115,0.7541094026701638,0.5649263318479264,0.9327426031895178,0.7879459008568968
validation,2,0.695892120165083,0.9024249605284197,0.7267592524390816,0.6958073019550597,0.9106873538780736,0.7207583640799344,0.6438661925775138,0.891743710728541,0.7008963945564566,0.7038315510348938,0.9033321115912941,0.7264635047330793
validation,3,0.7960243002153183,0.9039081671383167,0.8681004135479682,0.7905174476229536,0.9135072489454391,0.8493882224272873,0.6362550839058068,0.9175659923612629,0.7610927406951707,0.7258642639871493,0.910153790675854,0.8463175860419017
validation,4,0.6581363738392345,0.9102236971098948,0.7519723660910987,0.6417983655756648,0.9220566089624563,0.7617365135052001,0.5391501159726321,0.9265737360373203,0.7235382875955008,0.6374919983040561,0.9171641931871469,0.7496518742673772
validation,mean,0.6746460375546148,0.9141566309567487,0.7814383105617527,0.6765431302827272,0.917582715022529,0.7768503750807731,0.6014923660499429,0.9150441068086197,0.7413309721981356,0.6560414765553803,0.9146826382107619,0.7741468648149042
validation,std,0.08207429913118058,0.014348155912571211,0.054830762557687845,0.07006302668486883,0.006673259240869048,0.04933078723954382,0.047057603766747995,0.015773994248556588,0.028129947092002273,0.06298479996078851,0.011218299427007543,0.04599711046856489
